Channel,Coefficient
TV,0.044729517468716326
Radio,0.18919505423437652
Newspaper,0.0027611143413671935
