Channel,Correlation
TV,0.7822244248616067
Radio,0.5762225745710555
Newspaper,0.22829902637616545
