Metric,Value
R2,0.899438024100912
RMSE,1.78159966153345
